iso3,acat,mixing,P.mid,P1.mid,P2.mid,LTBI.mid,LTBI1.mid,LTBI2.mid,P.lo,P1.lo,P2.lo,LTBI.lo,LTBI1.lo,LTBI2.lo,P.hi,P1.hi,P2.hi,LTBI.hi,LTBI1.hi,LTBI2.hi,inc.num.mid,inc.num0.mid,inc.num.lo,inc.num0.lo,inc.num.hi,inc.num0.hi,LTBI.fmt,inc.num0.fmt,inc.num.fmt,sex,notified,CDR0,CDR
AGO,10-14,assortative,0.151611090478298,0.0109873997289596,0.0217790799760553,635516.69817895,46056.4987382646,91292.5891641095,0.121857862729338,0.0109873997289596,0.0217790799760553,510798.427242878,24618.9773885194,56698.1577909889,0.18081464731342,0.0109873997289596,0.0217790799760553,757930.88276391,76643.4179378365,141665.150706681,5774.3829027555,5001.79643456738,3172.70065840767,2757.94979814825,10525.5341987542,9114.6108348629,   636 000 (   511 000 to    758 000),  5 000 (  2 760 to   9 110),  5 770 (  3 170 to  10 500),B,,,
AGO,10-14,random,0.151611090478298,0.0109932518523717,0.0217904002668894,635516.69817895,46081.02941169,91340.0410611353,0.121857862729338,0.0109932518523717,0.0217904002668894,510798.427242878,24643.9116567145,56489.0065465765,0.18081464731342,0.0109932518523717,0.0217904002668894,757930.88276391,76870.3023622912,140426.101332872,5778.50103110399,5005.20561500218,3161.06735738629,2748.32431532112,10593.3203632694,9197.63976442601,   636 000 (   511 000 to    758 000),  5 010 (  2 750 to   9 200),  5 780 (  3 160 to  10 600),B,,,
AGO,15-19,assortative,0.225271760294683,0.0129871652493258,0.0252233014047803,764150.152515547,44045.6899375703,85546.7039327189,0.192303705678124,0.0129871652493258,0.0252233014047803,652308.702927875,23735.8807330736,52878.0307096782,0.259696481058151,0.0129871652493258,0.0252233014047803,880898.622601639,73901.2220580027,131019.601045788,7210.48447820177,5840.38953246744,4007.45015432631,3306.31434651574,13233.8446094118,10886.4673383045,   764 000 (   652 000 to    881 000),  5 840 (  3 310 to  10 900),  7 210 (  4 010 to  13 200),B,,,
AGO,15-19,random,0.217771046458495,0.01033642888182,0.0204862587552786,738732.090180458,35063.668182923,69494.3473725239,0.185284773754658,0.01033642888182,0.0204862587552786,628530.791491048,18893.4476671384,42882.5166602353,0.251632390511729,0.01033642888182,0.0204862587552786,853597.963654288,59044.6812676318,106977.684294873,5956.88396397776,4830.25788362355,3341.25481773904,2764.20727033145,10794.1306348959,8918.45980359819,   739 000 (   629 000 to    854 000),  4 830 (  2 760 to   8 920),  5 960 (  3 340 to  10 800),B,,,
BGD,10-14,assortative,0.0825025334860668,0.00577746940568786,0.0111749468802979,1256619.76575339,87998.2946517512,170208.823143572,0.0704991555316144,0.00577746940568786,0.0111749468802979,1073792.87115966,48744.8919028389,97379.0621399637,0.100419673372056,0.00577746940568786,0.0111749468802979,1529520.86557605,155453.14184056,257155.373046442,12828.0507311884,9429.01720680764,6915.36096850637,5067.91440237556,22434.4122973461,16487.534651426, 1 260 000 ( 1 070 000 to  1 530 000),  9 430 (  5 070 to  16 500), 12 800 (  6 920 to  22 400),B,,,
BGD,10-14,random,0.0825025334860668,0.00577740542172082,0.0111746325578819,1256619.76575339,87997.3200935858,170204.035608644,0.0704991555316144,0.00577740542172082,0.0111746325578819,1073792.87115966,48722.8292498725,97340.8736281851,0.100419673372056,0.00577740542172082,0.0111746325578819,1529520.86557605,154673.542548188,256793.308055361,12826.2518524101,9428.89357203143,6883.82193488805,5070.68884063781,22438.8550954823,16513.9699901826, 1 260 000 ( 1 070 000 to  1 530 000),  9 430 (  5 070 to  16 500), 12 800 (  6 880 to  22 400),B,,,
BGD,15-19,assortative,0.128580988493547,0.00661748739102151,0.0126028572790481,2012520.36770475,103610.546037949,197319.142502666,0.111415696358012,0.00661748739102151,0.0126028572790481,1743887.35114459,57632.97300317,112329.737608785,0.148628828834488,0.00661748739102151,0.0126028572790481,2326292.42196677,182343.276373981,301157.32973408,19503.922306263,13819.6876858567,10598.3085124859,7490.54919269967,34011.8945179262,24032.9345189303, 2 010 000 ( 1 740 000 to  2 330 000), 13 800 (  7 490 to  24 000), 19 500 ( 10 600 to  34 000),B,,,
BGD,15-19,random,0.125616062400654,0.00556801010228059,0.0107695321438643,1965995.00982172,87143.9517090256,168552.062915494,0.108421071241753,0.00556801010228059,0.0107695321438643,1696879.21231721,48334.098000971,95721.24032114,0.145099268001171,0.00556801010228059,0.0107695321438643,2270923.25111443,153531.397445016,255366.529243358,16907.4445644544,11992.9362946138,9341.32524528877,6584.24032974812,29078.9987316349,20562.5491336474, 1 970 000 ( 1 700 000 to  2 270 000), 12 000 (  6 580 to  20 600), 16 900 (  9 340 to  29 100),B,,,
BRA,10-14,assortative,0.0136937258026187,0.001053281310647,0.00209134260758003,207481.705239973,15958.8855203047,31687.1636482409,0.0110025123720289,0.001053281310647,0.00209134260758003,166705.545428397,7804.20039396451,18401.7715653269,0.0165731764104039,0.001053281310647,0.00209134260758003,251109.957394936,26649.0702812652,46567.9613784164,1524.20358150303,1756.95747166167,787.911729412152,908.4487691907,2718.66075233869,3133.30841977904,   207 000 (   167 000 to    251 000),  1 760 (   908 to   3 130),  1 520 (   788 to   2 720),B,981,55.8351591215355,64.3614810977301
BRA,10-14,random,0.0136937258026187,0.00105329648105869,0.00209137509091476,207481.705239973,15959.1153761476,31687.655822378,0.0110025123720289,0.00105329648105869,0.00209137509091476,166705.545428397,7807.0267271686,18406.5901439307,0.0165731764104039,0.00105329648105869,0.00209137509091476,251109.957394936,26642.7234916349,46577.1302291397,1524.07597978067,1756.98171187045,788.951468781446,908.559533127269,2718.68438213322,3133.26811857408,   207 000 (   167 000 to    251 000),  1 760 (   909 to   3 130),  1 520 (   789 to   2 720),B,981,55.8343887914261,64.3668696977416
BRA,15-19,assortative,0.0212783715259447,0.00140804683117048,0.00272477520153658,350765.869016572,23231.2293984837,44947.5040820549,0.0177163982606302,0.00140804683117048,0.00272477520153658,292022.384031461,11364.8626069601,26057.7290549042,0.0251611701532895,0.00140804683117048,0.00272477520153658,414794.634377979,38718.4533782609,66345.5177752952,2700.64711992378,3005.44799058997,1282.14364559105,1435.2577103773,4391.73275229158,4916.60343179683,   351 000 (   292 000 to    415 000),  3 010 (  1 440 to   4 920),  2 700 (  1 280 to   4 390),B,4683,155.81703675001,173.40288427361
BRA,15-19,random,0.0201992175817669,0.0010478114722236,0.00208049787479648,332913.121784846,17269.4901100926,34289.6965964879,0.0168779755958409,0.0010478114722236,0.00208049787479648,278174.118491193,8448.49001192396,19934.6394433642,0.0239381730715307,0.0010478114722236,0.00208049787479648,394536.664344009,28831.6082723367,50387.4676429706,2099.41407672152,2338.81253031946,1038.27596897125,1162.46863191811,3357.66217259275,3758.72203904797,   333 000 (   278 000 to    395 000),  2 340 (  1 160 to   3 760),  2 100 (  1 040 to   3 360),B,4683,200.229814886461,223.062236836721
CAF,10-14,assortative,0.182937350435091,0.0158985336811785,0.0320649321523789,120312.773135347,10456.020443168,21088.2080585194,0.146396863887802,0.0158985336811785,0.0320649321523789,96281.1182668184,5382.16196095712,12116.3773181473,0.219519434462806,0.0158985336811785,0.0320649321523789,144371.785502023,18867.7663527654,34306.1255415488,1296.87352384425,1099.27555105957,675.753032260449,578.052335570338,2407.81954832088,2028.62147793689,   120 000 (    96 300 to    144 000),  1 100 (   578 to   2 030),  1 300 (   676 to   2 410),B,,,
CAF,10-14,random,0.182937350435091,0.015894891789531,0.0320558909679072,120312.773135347,10453.6252730044,21082.2619246455,0.146396863887802,0.015894891789531,0.0320558909679072,96281.1182668184,5382.26869372908,12108.1159169159,0.219519434462806,0.015894891789531,0.0320558909679072,144371.785502023,18848.5382023687,34062.6579193958,1297.0245119588,1099.37849725484,675.315749195023,577.74729020224,2424.46189994055,2041.65276067434,   120 000 (    96 300 to    144 000),  1 100 (   578 to   2 040),  1 300 (   675 to   2 420),B,,,
CAF,15-19,assortative,0.25829657752324,0.0182762596837205,0.0361837012793518,149895.118898211,10606.4171060751,20998.6762292961,0.217744537905902,0.0182762596837205,0.0361837012793518,126361.938465236,5462.29681458414,12071.7881177165,0.302750257799757,0.0182762596837205,0.0361837012793518,175692.170781005,19194.1287311359,33767.6298154093,1684.81955854242,1337.53902088194,901.038029079982,711.672393476125,3064.44103008932,2498.60089775393,   150 000 (   126 000 to    176 000),  1 340 (   712 to   2 500),  1 680 (   901 to   3 060),B,,,
CAF,15-19,random,0.248789110803238,0.0149171626488057,0.0300829610746603,144376.799203113,8656.69799402965,17457.6838049247,0.210726229640364,0.0149171626488057,0.0300829610746603,122288.224132437,4441.99921595451,9981.57267963448,0.293290086977674,0.0149171626488057,0.0300829610746603,170201.51669471,15754.9394559927,28371.1492468915,1414.23037237283,1124.10915841605,752.390421348543,595.924781917964,2573.06384500788,2077.95071401907,   144 000 (   122 000 to    170 000),  1 120 (   596 to   2 080),  1 410 (   752 to   2 570),B,,,
CHN,10-14,assortative,0.0337586898948394,0.00274713512253461,0.00521457316757806,2825337.16968893,229913.631009759,436418.813654053,0.0260094822809596,0.00274713512253461,0.00521457316757806,2176789.362433,127777.115977856,271412.316829668,0.0413834504808022,0.00274713512253461,0.00521457316757806,3463469.73823962,378460.541630318,665849.127701509,22234.7403178102,24726.470298409,11819.7595078795,13149.1415836629,38721.5056451194,43087.341549849, 2 830 000 ( 2 180 000 to  3 460 000), 24 700 ( 13 100 to  43 100), 22 200 ( 11 800 to  38 700),B,5392,21.8065900022412,24.25033943698
CHN,10-14,random,0.0337586898948394,0.00274686306411033,0.00521408424996383,2825337.16968893,229890.861856666,436377.895090189,0.0260094822809596,0.00274686306411033,0.00521408424996383,2176789.362433,127770.533845251,271495.708252183,0.0413834504808022,0.00274686306411033,0.00521408424996383,3463469.73823962,378461.453959939,666007.998923264,22232.3940136943,24724.7393562448,11834.2766653183,13153.5507775202,38704.5299885482,43062.6392653464, 2 830 000 ( 2 180 000 to  3 460 000), 24 700 ( 13 200 to  43 100), 22 200 ( 11 800 to  38 700),B,5392,21.8081166491169,24.2528987057298
CHN,15-19,assortative,0.0530504735368533,0.00357860406865773,0.00663675118919955,4396526.28660238,297364.402918455,551382.721961869,0.0433841716266358,0.00357860406865773,0.00663675118919955,3595651.43782484,164661.217820599,342382.483478475,0.0627634951815679,0.00357860406865773,0.00663675118919955,5199242.33013492,488389.786775489,840774.288061633,35589.4710071174,38126.1516911461,19032.3829253364,20390.8317798665,60322.7235933894,64666.2671985088, 4 400 000 ( 3 600 000 to  5 200 000), 38 100 ( 20 400 to  64 700), 35 600 ( 19 000 to  60 300),B,41372,108.513443305656,116.247864408342
CHN,15-19,random,0.0506482349864088,0.00270900679702781,0.00514216445022304,4194766.0354139,224364.179816473,425882.102112672,0.0414369429444523,0.00270900679702781,0.00514216445022304,3431872.42203831,124584.626173332,264990.717735633,0.0601663068842183,0.00270900679702781,0.00514216445022304,4983067.63625493,368758.174212203,648685.849247468,28036.1952085871,30015.0917191225,14987.1729418766,16038.1687186291,48046.116019907,51439.8814182865, 4 190 000 ( 3 430 000 to  4 980 000), 30 000 ( 16 000 to  51 400), 28 000 ( 15 000 to  48 000),B,41372,137.837326592749,147.566385852986
COD,10-14,assortative,0.171003043109819,0.012946663896684,0.0258472136478581,1902201.08589936,144015.905653975,287518.847467839,0.145405058056083,0.012946663896684,0.0258472136478581,1617454.60372839,75800.1066507093,176988.920386322,0.201708401702081,0.012946663896684,0.0258472136478581,2243760.89322758,236519.456329435,445800.699431543,18503.9870303093,15709.0283433971,9677.4959239393,8189.20452535422,31112.7692554502,26392.4874882658, 1 900 000 ( 1 620 000 to  2 240 000), 15 700 (  8 190 to  26 400), 18 500 (  9 680 to  31 100),B,,,
COD,10-14,random,0.171003043109819,0.0129403455849712,0.0258334461596923,1902201.08589936,143945.622112919,287365.700889493,0.145405058056083,0.0129403455849712,0.0258334461596923,1617454.60372839,75819.5406794004,176281.802256772,0.201708401702081,0.0129403455849712,0.0258334461596923,2243760.89322758,237558.740268078,445735.120507966,18493.0140546419,15702.4299700981,9626.83423549624,8156.81730396151,31084.5969707657,26309.3686676383, 1 900 000 ( 1 620 000 to  2 240 000), 15 700 (  8 160 to  26 300), 18 500 (  9 630 to  31 100),B,,,
COD,15-19,assortative,0.244636262646413,0.0144003834051093,0.0282965880756288,2228751.07596716,131205.250040392,257815.194084942,0.21372417897278,0.0144003834051093,0.0282965880756288,1947130.77782797,70368.6340376832,155390.741288117,0.285529616163396,0.0144003834051093,0.0282965880756288,2601296.63354465,215778.667836366,401372.766126148,20515.7000385244,16658.9102593375,10521.4080743566,8526.42768071368,34301.350428953,28072.4441337622, 2 230 000 ( 1 950 000 to  2 600 000), 16 700 (  8 530 to  28 100), 20 500 ( 10 500 to  34 300),B,,,
COD,15-19,random,0.238239420033396,0.0121424648599402,0.0242400716429964,2170436.16192154,110621.679750486,220834.688290265,0.208449708226602,0.0121424648599402,0.0242400716429964,1899042.50360244,58728.2268576035,134980.368535202,0.278009789364138,0.0121424648599402,0.0242400716429964,2532756.75419095,181512.759096183,344235.26954308,17767.0319623691,14451.4063732686,9099.95277274862,7392.38515493239,29322.739637046,24058.5032821185, 2 170 000 ( 1 900 000 to  2 530 000), 14 500 (  7 390 to  24 100), 17 800 (  9 100 to  29 300),B,,,
COG,10-14,assortative,0.14609237911502,0.0112034814785154,0.0220645287241337,97062.7540373651,7443.51466995528,14659.5184326133,0.12723368309066,0.0112034814785154,0.0220645287241337,84533.1684096529,4748.94554148858,10701.1690360699,0.169812336487195,0.0112034814785154,0.0220645287241337,112822.127675737,10642.7590197254,20141.0127110552,935.648105868003,802.615497565776,571.394253115182,482.097566958992,1507.73518888177,1287.41293027313,    97 100 (    84 500 to    113 000),    803 (   482 to   1 290),    936 (   571 to   1 510),B,,,
COG,10-14,random,0.14609237911502,0.011201565723775,0.0220613552351776,97062.7540373651,7442.24185591603,14657.4099887654,0.12723368309066,0.011201565723775,0.0220613552351776,84533.1684096529,4733.76415046934,10674.2578635265,0.169812336487195,0.011201565723775,0.0220613552351776,112822.127675737,10649.1178471283,20082.2230262204,935.626916373201,802.532513292934,573.313872612241,484.078984150301,1513.75703971464,1291.29119821083,    97 100 (    84 500 to    113 000),    803 (   484 to   1 290),    936 (   573 to   1 510),B,,,
COG,15-19,assortative,0.213433533751774,0.0127498265540156,0.0246894892984757,117988.679103801,7049.01174589107,13650.0578536326,0.189043396041366,0.0127498265540156,0.0246894892984757,104505.072635866,4493.4397493656,9949.91316534785,0.237420136956075,0.0127498265540156,0.0246894892984757,131248.232146671,10146.0423058012,18592.9541934678,1130.35683812632,925.222326707865,626.965256523567,520.20358776293,1855.06034233411,1485.33434835026,   118 000 (   105 000 to    131 000),    925 (   520 to   1 490),  1 130 (   627 to   1 860),B,,,
COG,15-19,random,0.207359420257605,0.0105904423760806,0.0208551232049141,114628.287518404,5854.39654549738,11528.7121076765,0.184480478673155,0.0105904423760806,0.0208551232049141,101980.80861052,3731.94383272876,8448.77758345325,0.231990624901946,0.0105904423760806,0.0208551232049141,128244.417445796,8355.93112971502,15694.3537044833,966.469032792614,792.194847783705,543.249429225272,451.519640420316,1566.71249066822,1269.25327995997,   115 000 (   102 000 to    128 000),    792 (   452 to   1 270),    966 (   543 to   1 570),B,,,
ETH,10-14,assortative,0.111006945726089,0.0084100774989301,0.0164547668766044,1518070.49096457,115011.636383131,225026.423956494,0.0891538403853122,0.0084100774989301,0.0164547668766044,1219219.33226652,62545.2959081291,138120.403402721,0.133807003893965,0.0084100774989301,0.0164547668766044,1829871.66043675,195008.557294544,355322.295883586,15209.2428744874,12414.344309763,7944.92789138084,6489.05460510149,26657.3207378862,21794.1530581103, 1 520 000 ( 1 220 000 to  1 830 000), 12 400 (  6 490 to  21 800), 15 200 (  7 940 to  26 700),B,,,
ETH,10-14,random,0.111006945726089,0.0084104703835602,0.0164553110393483,1518070.49096457,115017.00925921,225033.865629611,0.0891538403853122,0.0084104703835602,0.0164553110393483,1219219.33226652,62408.926521726,137810.259375719,0.133807003893965,0.0084104703835602,0.0164553110393483,1829871.66043675,194292.828615428,354877.335912479,15208.4917171058,12415.4429667997,7957.16164322981,6510.50922103298,26661.7901866256,21772.2560201714, 1 520 000 ( 1 220 000 to  1 830 000), 12 400 (  6 510 to  21 800), 15 200 (  7 960 to  26 700),B,,,
ETH,15-19,assortative,0.179303626083999,0.0111127654258207,0.021140741009143,2295123.14541044,142259.120429754,270628.081565453,0.152175129371151,0.0111127654258207,0.021140741009143,1947868.04669624,75813.6869065732,166334.972333691,0.209364706206489,0.0111127654258207,0.021140741009143,2679912.75413798,241084.748012035,426354.081455356,23281.2043318218,18317.5641635831,12002.1790240734,9446.46669256188,45705.7387032735,36162.657973801, 2 300 000 ( 1 950 000 to  2 680 000), 18 300 (  9 450 to  36 200), 23 300 ( 12 000 to  45 700),B,,,
ETH,15-19,random,0.170407608548119,0.00797814146850601,0.0156088858428863,2181209.20985071,102119.827846086,199792.989562424,0.144538703367085,0.00797814146850601,0.0156088858428863,1850088.46524093,54200.1743759222,122325.568497625,0.200047776340272,0.00797814146850601,0.0156088858428863,2560601.93486222,174271.532296538,315596.317718183,17609.0035667375,13869.8789458563,9369.61364939858,7378.0776801298,33805.5215001055,26819.2492250762, 2 180 000 ( 1 850 000 to  2 560 000), 13 900 (  7 380 to  26 800), 17 600 (  9 370 to  33 800),B,,,
GAB,10-14,assortative,0.0968376696747838,0.00753221189485053,0.0149829331703724,21417.7810773113,1665.91436920788,3313.80529515762,0.0800098695267302,0.00753221189485053,0.0149829331703724,17695.942862966,913.100712083784,1976.21544129868,0.116043225161301,0.00753221189485053,0.0149829331703724,25665.5121953754,2953.96385474375,5491.91345586189,189.502150892192,178.541525467146,105.440451044471,99.7003980325601,300.930377985384,283.290432086384,    21 400 (    17 700 to     25 700),    179 (    99.7 to     283),    190 (   105 to     301),B,,,
GAB,10-14,random,0.0968376696747838,0.00753252187455767,0.0149828288738111,21417.7810773113,1665.98292803967,3313.78222767855,0.0800098695267302,0.00753252187455767,0.0149828288738111,17695.942862966,910.551149082843,1985.23847100004,0.116043225161301,0.00753252187455767,0.0149828288738111,25665.5121953754,2961.36456913296,5507.46848236123,189.546797714226,178.554773600078,105.291151334021,99.4382593838403,301.454170704357,283.84581420908,    21 400 (    17 700 to     25 700),    179 (    99.4 to     284),    190 (   105 to     301),B,,,
GAB,15-19,assortative,0.14209759790903,0.00849463930924854,0.016652008790829,26865.3741745234,1606.22422340748,3148.69620007409,0.121979703757743,0.00849463930924854,0.016652008790829,23061.7878246171,873.894384202895,1890.08959245475,0.165382288604253,0.00849463930924854,0.016652008790829,31267.6020767222,2827.01266650734,5199.86977884491,233.625465002587,209.77138356129,111.232395207921,99.8700987971972,452.229178990398,398.634419075184,    26 900 (    23 100 to     31 300),    210 (    99.9 to     399),    234 (   111 to     452),B,,,
GAB,15-19,random,0.138505120975776,0.00726412879629359,0.0144484269960734,26185.3626563172,1373.33439784088,2731.57626259664,0.118815863601425,0.00726412879629359,0.0144484269960734,22462.9707248946,746.221978340804,1634.84244737923,0.160668069329641,0.00726412879629359,0.0144484269960734,30375.4231832539,2422.05541654532,4510.4689178471,204.310160324407,183.799205603967,97.3020488092472,87.8489100228205,388.543777059388,341.753365389168,    26 200 (    22 500 to     30 400),    184 (    87.8 to     342),    204 (    97.3 to     389),B,,,
IDN,10-14,assortative,0.0796005461646913,0.0063809850225812,0.0120278598272472,1828212.96715125,146554.2653105,276247.970180448,0.0657035050164173,0.0063809850225812,0.0120278598272472,1509034.87031077,80265.083896844,160841.834543297,0.0973056760040116,0.0063809850225812,0.0120278598272472,2234852.73932533,241306.299963417,422488.531734484,17969.9970098325,15745.1256830357,10187.1128489051,8922.97644717024,34595.4242688388,30323.7667740893, 1 830 000 ( 1 510 000 to  2 230 000), 15 700 (  8 920 to  30 300), 18 000 ( 10 200 to  34 600),B,,,
IDN,10-14,random,0.0796005461646913,0.00638166510812525,0.0120288050650238,1828212.96715125,146569.88506778,276269.679779735,0.0657035050164173,0.00638166510812525,0.0120288050650238,1509034.87031077,80247.5699914824,160354.631738632,0.0973056760040116,0.00638166510812525,0.0120288050650238,2234852.73932533,241283.829385193,422497.105100385,17973.0465808248,15747.0353291714,10162.4195483577,8908.65256745431,34676.3058923205,30368.5259865148, 1 830 000 ( 1 510 000 to  2 230 000), 15 700 (  8 910 to  30 400), 18 000 ( 10 200 to  34 700),B,,,
IDN,15-19,assortative,0.124430165269294,0.00823889233783796,0.0151632158158591,2904860.70379016,192442.039624911,354154.341145699,0.103977659548122,0.00823889233783796,0.0151632158158591,2427257.72200998,105522.089551752,204559.085790652,0.149122275187837,0.00823889233783796,0.0151632158158591,3481396.65592193,317357.899135781,543780.830966508,29152.1568697036,24799.4425716934,15055.9196105453,12795.5297273709,48736.3463723045,41428.5960197728, 2 900 000 ( 2 430 000 to  3 480 000), 24 800 ( 12 800 to  41 400), 29 200 ( 15 100 to  48 700),B,,,
IDN,15-19,random,0.118846150156436,0.006168932941246,0.0116284264063663,2774195.02079495,143999.810062807,271439.357469795,0.100072050999098,0.006168932941246,0.0116284264063663,2335956.0678828,78790.2774158089,158378.853842019,0.140934126131715,0.006168932941246,0.0116284264063663,3289788.94528808,236902.686755046,414731.600936579,22756.7085631447,19379.0538210201,12138.7018665884,10327.7549228254,38182.0770161713,32501.2779340343, 2 770 000 ( 2 340 000 to  3 290 000), 19 400 ( 10 300 to  32 500), 22 800 ( 12 100 to  38 200),B,,,
IND,10-14,assortative,0.114463817073756,0.00930824087034441,0.0182012228146306,14535177.6238312,1182006.13848725,2311280.65920703,0.0893005047336061,0.00930824087034441,0.0182012228146306,11339816.6458521,629161.863821437,1388328.63009612,0.138781287524158,0.00930824087034441,0.0182012228146306,17623129.4447207,1921025.17200213,3494634.56922174,194847.427818153,124324.959668426,97644.4576776889,62091.8515511182,326647.603934245,208437.300142152,14 500 000 (11 300 000 to 17 600 000),124 000 ( 62 100 to 208 000),195 000 ( 97 600 to 327 000),B,68006,54.700198722261,34.9021800090009
IND,10-14,random,0.114463817073756,0.00930616833502137,0.0181977214606436,14535177.6238312,1181742.95777371,2310836.04008262,0.0893005047336061,0.00930616833502137,0.0181977214606436,11339816.6458521,627872.142024919,1388569.20905644,0.138781287524158,0.00930616833502137,0.0181977214606436,17623129.4447207,1923899.08958665,3488027.713323,194859.96911784,124321.705257216,97909.125593528,62300.9900490141,326420.730748182,207883.283394731,14 500 000 (11 300 000 to 17 600 000),124 000 ( 62 300 to 208 000),195 000 ( 97 900 to 326 000),B,68006,54.7016306278126,34.8999336846214
IND,15-19,assortative,0.176402074221912,0.0119565817995049,0.0227926523236432,22180310.3639948,1505879.43070344,2870212.68238978,0.146167363116002,0.0119565817995049,0.0227926523236432,18385458.6505307,797798.060581647,1720129.20857097,0.209821334380443,0.0119565817995049,0.0227926523236432,26372177.6386003,2442059.73539182,4355660.19211391,315403.137379345,195194.180857442,162922.391822269,100795.584543987,518215.198741043,320659.054063523,22 200 000 (18 400 000 to 26 400 000),195 000 (101 000 to 321 000),315 000 (163 000 to 518 000),B,209570,107.364881001784,66.4451221827715
IND,15-19,random,0.167788618419214,0.00887430051339846,0.0173530855584282,21089255.138444,1115405.73768056,2181099.36316773,0.138340816409114,0.00887430051339846,0.0173530855584282,17387977.806833,595173.336665325,1309767.79748411,0.200148942902216,0.00887430051339846,0.0173530855584282,25156605.7478862,1806384.98145134,3321180.1114019,243558.711956405,151032.105472096,129256.646847285,80395.4637735092,394412.578475207,244729.226114307,21 100 000 (17 400 000 to 25 200 000),151 000 ( 80 400 to 245 000),244 000 (129 000 to 394 000),B,209570,138.758576757522,86.0449615275973
KEN,10-14,assortative,0.106761879022413,0.00878201091947864,0.0174949946646341,707790.688404569,58221.395231994,115985.166528551,0.0866121067200185,0.00878201091947864,0.0174949946646341,574205.354953169,29645.3031121981,69255.1222909614,0.130823800313012,0.00878201091947864,0.0174949946646341,867312.083031152,102477.365136097,183100.408395244,7111.25315478031,6120.81942479624,3731.64391453806,3244.41372538909,11958.6716211179,10258.1119707884,   708 000 (   574 000 to    867 000),  6 120 (  3 240 to  10 300),  7 110 (  3 730 to  12 000),B,2039,33.3125331510311,28.6728647626523
KEN,10-14,random,0.106761879022413,0.00877892778076823,0.0174887706577182,707790.688404569,58200.9551939367,115943.903727822,0.0866121067200185,0.00877892778076823,0.0174887706577182,574205.354953169,29712.2862078671,69322.8081525737,0.130823800313012,0.00877892778076823,0.0174887706577182,867312.083031152,102341.023255343,182695.790731314,7109.71070847751,6118.95362101621,3720.60376200874,3237.15897535784,11982.2929993998,10285.1241463757,   708 000 (   574 000 to    867 000),  6 120 (  3 240 to  10 300),  7 110 (  3 720 to  12 000),B,2039,33.3226908763752,28.679085318742
KEN,15-19,assortative,0.159175825527282,0.0107385545897901,0.0209358532084959,933446.243034193,62984.9615648707,122791.548268426,0.137879219877533,0.0107385545897901,0.0209358532084959,808556.812237458,32311.4680583166,72531.5627454912,0.187692202462816,0.0107385545897901,0.0209358532084959,1100686.66046788,109597.104075584,194072.574248853,9366.70558890576,7784.99178024974,4897.06128708137,4048.31751899655,16233.5625666979,13631.5333201397,   933 000 (   809 000 to  1 100 000),  7 780 (  4 050 to  13 600),  9 370 (  4 900 to  16 200),B,5776,74.1940410862541,61.6652241834236
KEN,15-19,random,0.152539087064907,0.00843475456241914,0.016801303015026,894490.274322224,49461.4597973077,98522.9584892338,0.132128599657925,0.00843475456241914,0.016801303015026,774803.033294268,25109.0747821307,58369.23893925,0.180099652406759,0.00843475456241914,0.016801303015026,1056105.6224108,85729.7733820479,156384.820254442,7598.11499935874,6341.5769712325,4049.71029051882,3371.91156408292,12932.7047744543,10888.6481034304,   894 000 (   775 000 to  1 060 000),  6 340 (  3 370 to  10 900),  7 600 (  4 050 to  12 900),B,5776,91.0814459274382,76.0188546828717
LBR,10-14,assortative,0.107076909347265,0.00821775000015172,0.0160858991813783,65506.9762159231,5027.41400634282,9840.95097168768,0.0853900400848653,0.00821775000015172,0.0160858991813783,52239.4917729184,2827.00073923382,6065.28910784458,0.133909829389834,0.00821775000015172,0.0160858991813783,81922.6858749654,8097.15838329326,14404.7389403058,599.772683387304,534.008902750741,298.059619150286,265.373235157774,1057.00710342011,943.478760563987,    65 500 (    52 200 to     81 900),    534 (   265 to     943),    600 (   298 to   1 060),B,,,
LBR,10-14,random,0.107076909347265,0.00821862902060541,0.0160874137053918,65506.9762159231,5027.95176908088,9841.87751961608,0.0853900400848653,0.00821862902060541,0.0160874137053918,52239.4917729184,2828.77734050873,6051.14675453054,0.133909829389834,0.00821862902060541,0.0160874137053918,81922.6858749654,8133.28829122725,14422.2940040171,599.894134872145,534.098359963572,297.212461024791,264.638948557859,1059.97283253193,946.861061932026,    65 500 (    52 200 to     81 900),    534 (   265 to     947),    600 (   297 to   1 060),B,,,
LBR,15-19,assortative,0.160206783002473,0.00946437363548947,0.0182189517598031,85966.5485073064,5080.4252671132,9779.24440573567,0.131355786407079,0.00946437363548947,0.0182189517598031,70489.0787459905,2880.41513087655,6056.33284877596,0.192143602875079,0.00946437363548947,0.0182189517598031,103101.571203857,8195.04211305157,14239.0920075068,816.204726858365,682.529550879038,472.912302636852,398.70797209989,1362.37419029505,1132.77632059185,    86 000 (    70 500 to    103 000),    683 (   399 to   1 130),    816 (   473 to   1 360),B,,,
LBR,15-19,random,0.155683704594808,0.00787290355368491,0.0154099761646274,83533.6485373903,4224.28513076517,8268.37681089247,0.127922351170221,0.00787290355368491,0.0154099761646274,68638.016743894,2380.15059110979,5102.54588330277,0.186557441130003,0.00787290355368491,0.0154099761646274,100099.260612714,6880.8145448831,12068.6989936964,697.7924514918,584.406097451397,408.685094228985,345.96829910208,1206.58934961243,1004.33338454419,    83 500 (    68 600 to    100 000),    584 (   346 to   1 000),    698 (   409 to   1 210),B,,,
LSO,10-14,assortative,0.227522854294622,0.0174452652926368,0.0350679684222279,48559.2927006841,3723.2731903463,7484.4162284824,0.183878338247119,0.0174452652926368,0.0350679684222279,39244.4182187296,2092.72989599392,4503.49256491643,0.281024205886757,0.0174452652926368,0.0350679684222279,59977.872165587,6309.88564848671,11780.6559481151,458.98357189912,408.753247784898,256.701639345245,226.798482068496,839.884862980873,769.434546215274,    48 600 (    39 200 to     60 000),    409 (   227 to     769),    459 (   257 to     840),B,93,22.752112797631,20.262163112984
LSO,10-14,random,0.227522854294622,0.0174367203381211,0.035049962778283,48559.2927006841,3721.44947488384,7480.57335591783,0.183878338247119,0.0174367203381211,0.035049962778283,39244.4182187296,2095.46934367311,4497.20704708525,0.281024205886757,0.0174367203381211,0.035049962778283,59977.872165587,6297.28175504351,11826.9230487174,458.972886009576,408.711381771428,256.704677645457,225.119894964903,835.834223758582,765.774897150445,    48 600 (    39 200 to     60 000),    409 (   225 to     766),    459 (   257 to     836),B,93,22.7544433915497,20.2626348603215
LSO,15-19,assortative,0.309384205273852,0.0176824733621004,0.0352245734655252,67193.4277583626,3840.58538995637,7650.62390472478,0.25914542292972,0.0176824733621004,0.0352245734655252,56282.2960834395,2157.42023963242,4630.27009400146,0.36876524756189,0.0176824733621004,0.0352245734655252,80089.6858719119,6488.32273135351,12105.3769936584,652.47590225381,516.275893219523,368.450491842011,289.542641714831,1190.63798510004,904.347903501692,    67 200 (    56 300 to     80 100),    516 (   290 to     904),    652 (   368 to   1 190),B,159,30.7974867872423,24.3687160630416
LSO,15-19,random,0.304956456968931,0.0161312490300262,0.0324202617266686,66231.0532374263,3503.41692683914,7041.09728232134,0.255292594732529,0.0161312490300262,0.0324202617266686,55444.9563092001,1976.75715103516,4232.11840074438,0.364052106596581,0.0161312490300262,0.0324202617266686,79065.5646148586,6020.50295713436,11168.8326024533,601.670996924817,478.15981131153,341.216725547097,267.873794933948,1094.81215337031,852.500877195981,    66 200 (    55 400 to     79 100),    478 (   268 to     853),    602 (   341 to   1 090),B,159,33.2524809150907,26.4264026041907
MMR,10-14,assortative,0.0818611607552322,0.00647698227012735,0.0127473682391698,402891.654386345,31877.4138818432,62738.0339048369,0.0662120261796813,0.00647698227012735,0.0127473682391698,325872.153799124,14791.3135809604,36806.4176179678,0.0975720995077314,0.00647698227012735,0.0127473682391698,480215.333253829,53326.6420031183,101936.444102419,4173.69226875538,3380.80661284327,1992.50566750033,1610.07599331105,7044.21421383886,5722.19736623049,   403 000 (   326 000 to    480 000),  3 380 (  1 610 to   5 720),  4 170 (  1 990 to   7 040),B,3241,95.8646965398092,77.6530657102443
MMR,10-14,random,0.0818611607552322,0.00647716369637401,0.0127476722855545,402891.654386345,31878.3067976043,62739.5303135101,0.0662120261796813,0.00647716369637401,0.0127476722855545,325872.153799124,14777.156085255,36825.3952106606,0.0975720995077314,0.00647716369637401,0.0127476722855545,480215.333253829,53273.7040862961,102070.756899753,4173.13674598605,3380.95451521516,1986.16664502792,1608.05812913528,7048.00714195704,5733.80351015509,   403 000 (   326 000 to    480 000),  3 380 (  1 610 to   5 730),  4 170 (  1 990 to   7 050),B,3241,95.8605028673019,77.663402789697
MMR,15-19,assortative,0.123124668943225,0.00727148061443228,0.0141159229795451,624536.951424741,36885.1482804187,71603.8504192047,0.104132269315735,0.00727148061443228,0.0141159229795451,528199.602312286,17087.2657670864,41826.9238109815,0.146285575668661,0.00727148061443228,0.0141159229795451,742019.710715126,61244.3283823484,116835.150876321,6160.061121402,4869.59331014345,3099.58684270173,2454.56411965595,10405.4142914571,8251.30925801243,   625 000 (   528 000 to    742 000),  4 870 (  2 450 to   8 250),  6 160 (  3 100 to  10 400),B,4093,84.0521936703463,66.4441459156894
MMR,15-19,random,0.120239604777457,0.00626728932226235,0.0123342376203377,609898.441449379,31789.9413993814,62563.6812016583,0.101702867501341,0.00626728932226235,0.0123342376203377,515873.455296236,14736.5488672924,36466.9342724922,0.142006033659864,0.00626728932226235,0.0123342376203377,720305.582888912,52706.0351973599,102062.779681768,5431.97151167334,4300.75055372566,2783.76237259043,2206.0143675835,9081.78619526566,7206.26515273363,   610 000 (   516 000 to    720 000),  4 300 (  2 210 to   7 210),  5 430 (  2 780 to   9 080),B,4093,95.1694349362882,75.3501742636926
MNG,10-14,assortative,0.0642886674350783,0.00479350553974932,0.00950155805039879,17093.1994749735,1274.50683991963,2526.29325755613,0.0503890663985756,0.00479350553974932,0.00950155805039879,13397.5457521861,668.828524030861,1488.97444504413,0.0796194483760987,0.00479350553974932,0.00950155805039879,21169.3781731339,2037.53603820419,3881.2884527508,130.507180687373,137.411004205064,68.2331945621467,71.835533763908,226.877399552126,238.887069903592,    17 100 (    13 400 to     21 200),    137 (    71.8 to     239),    131 (    68.2 to     227),B,,,
MNG,10-14,random,0.0642886674350783,0.00479456079984863,0.00950345280934841,17093.1994749735,1274.78741458535,2526.79703985517,0.0503890663985756,0.00479456079984863,0.00950345280934841,13397.5457521861,670.18224585108,1484.3483748417,0.0796194483760987,0.00479456079984863,0.00950345280934841,21169.3781731339,2036.98932907327,3882.21471474488,130.532089345358,137.43792336823,68.1354793846026,71.7410915978894,226.772713863779,238.690363035207,    17 100 (    13 400 to     21 200),    137 (    71.7 to     239),    131 (    68.1 to     227),B,,,
MNG,15-19,assortative,0.0994541878054741,0.00632791834513042,0.012218084954802,21395.3803583255,1361.84463009731,2629.45490778237,0.0814753853468536,0.00632791834513042,0.012218084954802,17526.4642276387,713.862530500529,1541.94069556861,0.118072456284324,0.00632791834513042,0.012218084954802,25400.0822668439,2183.36606945804,4005.5170355259,165.742594276466,172.652564696538,94.2029872838113,97.8719391350269,262.901278103634,271.886486260325,    21 400 (    17 500 to     25 400),    173 (    97.9 to     272),    166 (    94.2 to     263),B,,,
MNG,15-19,random,0.0945887494453368,0.00467321706572497,0.0092632066026918,20346.7967156875,1005.24637657397,1992.58984589183,0.0781915737326728,0.00467321706572497,0.0092632066026918,16819.6330424878,528.881293376591,1171.12553907554,0.113256865693474,0.00467321706572497,0.0092632066026918,24362.4578655917,1606.01902922492,3034.48407625207,128.044018666287,133.680585983721,75.602459796951,79.0235838593443,200.861538165812,209.364687944021,    20 300 (    16 800 to     24 400),    134 (    79 to     209),    128 (    75.6 to     201),B,,,
MOZ,10-14,assortative,0.148409025086349,0.0114946075787276,0.0230205493226561,587581.457348948,45509.484809521,91143.027939908,0.120277816201914,0.0114946075787276,0.0230205493226561,476204.290740068,24589.6582045921,54672.9908491372,0.183170586489958,0.0114946075787276,0.0230205493226561,725209.5355428,78386.9016203917,141299.241765958,5605.86535166004,4881.98884086821,3030.22834406229,2611.88369985512,9772.76630487109,8705.22215003775,   588 000 (   476 000 to    725 000),  4 880 (  2 610 to   8 710),  5 610 (  3 030 to   9 770),B,,,
MOZ,10-14,random,0.148409025086349,0.0114982443906661,0.0230276490030196,587581.457348948,45523.8836862582,91171.1370157024,0.120277816201914,0.0114982443906661,0.0230276490030196,476204.290740068,24646.5767752338,54939.816005882,0.183170586489958,0.0114982443906661,0.0230276490030196,725209.5355428,78700.808353912,141885.636282582,5607.26633479267,4883.38427862506,3037.07443036906,2601.6670938764,9854.32021766425,8758.58473671193,   588 000 (   476 000 to    725 000),  4 880 (  2 600 to   8 760),  5 610 (  3 040 to   9 850),B,,,
MOZ,15-19,assortative,0.208041394249375,0.0120784278071884,0.0239557429185905,712732.567414152,41370.1910630506,82051.778453294,0.171081023172606,0.0120784278071884,0.0239557429185905,586116.819293895,22558.5853419735,49598.1362918867,0.24759059821453,0.0120784278071884,0.0239557429185905,848251.548445427,71464.3715706068,127258.449244694,7248.00987731149,5512.48259233562,3887.10863140979,3026.81347757977,12165.7411047573,9047.37267295869,   713 000 (   586 000 to    848 000),  5 510 (  3 030 to   9 050),  7 250 (  3 890 to  12 200),B,,,
MOZ,15-19,random,0.20462899893886,0.0109126737191049,0.0218536615450497,701079.41326443,37387.9114290252,74872.8298194949,0.168212627056957,0.0109126737191049,0.0218536615450497,576313.281559839,20384.4366733767,45191.6302001052,0.244976692390942,0.0109126737191049,0.0218536615450497,839314.645800606,65535.1555135483,115695.511968902,6660.94823784427,5058.26662782112,3581.42700430193,2803.8211400274,11134.8038850482,8250.50161123027,   701 000 (   576 000 to    839 000),  5 060 (  2 800 to   8 250),  6 660 (  3 580 to  11 100),B,,,
NAM,10-14,assortative,0.186336099005344,0.0125948911599792,0.0251961031104197,50953.2336008134,3444.04779791399,6889.82400333804,0.149487911092148,0.0125948911599792,0.0251961031104197,40877.1703123257,1941.25341911542,4161.03162411081,0.230263096141451,0.0125948911599792,0.0251961031104197,62964.9831136874,5539.22702888286,10340.5208716983,454.454085338798,390.579532372341,250.104508424125,216.554105020129,724.64114390932,611.730414119491,    51 000 (    40 900 to     63 000),    391 (   217 to     612),    454 (   250 to     725),B,166,42.500946988116,36.5273424434607
NAM,10-14,random,0.186336099005344,0.0125878981206464,0.0251846186459001,50953.2336008134,3442.13556529451,6886.68359948409,0.149487911092148,0.0125878981206464,0.0251846186459001,40877.1703123257,1942.21319059013,4140.10251195658,0.230263096141451,0.0125878981206464,0.0251846186459001,62964.9831136874,5495.5369386771,10374.2547864153,454.117669295508,390.322312256133,249.790271696598,215.836000749868,722.892115632372,607.691554861275,    51 000 (    40 900 to     63 000),    390 (   216 to     608),    454 (   250 to     723),B,166,42.5289548630952,36.5544023551259
NAM,15-19,assortative,0.273824455748487,0.0135721064053477,0.0267572369579535,66574.7859069658,3299.22477199351,6504.56838711867,0.229288306347913,0.0135721064053477,0.0267572369579535,55746.0206067958,1859.83140753561,4030.05842536142,0.324782279426549,0.0135721064053477,0.0267572369579535,78963.2195592505,5259.79637085544,9801.23483993196,514.373001307723,439.479021859236,299.055345843961,256.352481910912,876.796276842916,748.638364108901,    66 600 (    55 700 to     79 000),    439 (   256 to     749),    514 (   299 to     877),B,404,91.9270272084569,78.5422249948743
NAM,15-19,random,0.26827814226008,0.0116345090395671,0.023275397227208,65228.0743965468,2828.76798984419,5659.08698023444,0.224082553958366,0.0116345090395671,0.023275397227208,54482.5358392213,1606.84872057834,3454.34299457799,0.317561453450944,0.0116345090395671,0.023275397227208,77210.6215462486,4530.48593168568,8527.70134546448,452.690799046289,387.786195498837,264.346957304515,228.886536513075,768.323629116858,659.47263318567,    65 200 (    54 500 to     77 200),    388 (   229 to     659),    453 (   264 to     768),B,404,104.181119567783,89.2441376876074
NGA,10-14,assortative,0.0861732447426661,0.00639340949265919,0.0126170524890344,2163354.4051969,160504.697617866,316747.45640904,0.0685127713796744,0.00639340949265919,0.0126170524890344,1719993.3252958,79062.8554164258,182682.187261363,0.105587963666748,0.00639340949265919,0.0126170524890344,2650755.31293221,268366.715395861,463521.956904252,20870.1374261123,17405.2690981755,11452.6765202461,9547.10074274323,35737.467285012,29740.1831007431, 2 160 000 ( 1 720 000 to  2 650 000), 17 400 (  9 550 to  29 700), 20 900 ( 11 500 to  35 700),B,,,
NGA,10-14,random,0.0861732447426661,0.00639310658836603,0.0126164049469423,2163354.4051969,160497.093293125,316731.200051956,0.0685127713796744,0.00639310658836603,0.0126164049469423,1719993.3252958,79016.4171344048,182330.994427754,0.105587963666748,0.00639310658836603,0.0126164049469423,2650755.31293221,268205.304437511,463263.251787876,20869.9838100017,17404.4325021085,11434.9824119135,9537.37486826397,35797.6465785062,29757.2271675515, 2 160 000 ( 1 720 000 to  2 650 000), 17 400 (  9 540 to  29 800), 20 900 ( 11 400 to  35 800),B,,,
NGA,15-19,assortative,0.134000630144926,0.00732842193861735,0.0142317204586179,2843127.28673292,155587.826045999,302136.814168693,0.11367024252928,0.00732842193861735,0.0142317204586179,2411759.88615747,77009.5713065999,174065.634686897,0.157526149363672,0.00732842193861735,0.0142317204586179,3342060.18229813,260902.15162934,443165.615279806,25901.9322921316,20737.4241074924,13068.3155363569,10442.8770113189,43542.3813805867,34757.7018115498, 2 840 000 ( 2 410 000 to  3 340 000), 20 700 ( 10 400 to  34 800), 25 900 ( 13 100 to  43 500),B,,,
NGA,15-19,random,0.130551898636866,0.00615096301432437,0.0121379581401555,2769612.314209,130490.502907984,257502.485106218,0.110684195210513,0.00615096301432437,0.0121379581401555,2348126.01918592,64230.8342713716,148622.912010123,0.153297655291385,0.00615096301432437,0.0121379581401555,3252155.48963677,218298.459545841,376270.496714021,22346.2580489763,17931.8028991095,11459.8871612061,9173.59780687711,37023.9035751044,29737.8171164689, 2 770 000 ( 2 350 000 to  3 250 000), 17 900 (  9 170 to  29 700), 22 300 ( 11 500 to  37 000),B,,,
PAK,10-14,assortative,0.134782393953645,0.0100996134981981,0.0202262412283239,3119011.91324395,233716.095225858,468057.329305078,0.110560882313273,0.0100996134981981,0.0202262412283239,2558499.65977351,114150.180900844,267791.036587112,0.167315381493487,0.0100996134981981,0.0202262412283239,3871860.80347127,415575.627910231,757128.303439263,34700.6491219033,25095.8828778144,16248.3977431076,11770.8256018242,62422.3801262866,45205.8349594241, 3 120 000 ( 2 560 000 to  3 870 000), 25 100 ( 11 800 to  45 200), 34 700 ( 16 200 to  62 400),B,,,
PAK,10-14,random,0.134782393953645,0.0101024305718329,0.0202308010077492,3119011.91324395,233781.285388829,468162.847584817,0.110560882313273,0.0101024305718329,0.0202308010077492,2558499.65977351,114472.903458249,268032.130248677,0.167315381493487,0.0101024305718329,0.0202308010077492,3871860.80347127,416607.225481974,751648.103057683,34708.9443818037,25100.2813735288,16268.822418321,11763.2927193972,63071.3949331663,45622.3251330843, 3 120 000 ( 2 560 000 to  3 870 000), 25 100 ( 11 800 to  45 600), 34 700 ( 16 300 to  63 100),B,,,
PAK,15-19,assortative,0.204532616458025,0.0115061972249194,0.0226467191947683,4454035.41785407,250708.662717107,493450.629183439,0.173397595795912,0.0115061972249194,0.0226467191947683,3775639.06666976,123750.56821112,283060.804591583,0.239758877172975,0.0115061972249194,0.0226467191947683,5221765.22300057,441544.506487015,799591.789049306,46508.4816588097,32861.2359787993,24647.4328262455,17411.9965863342,79666.875205586,56328.2715449028, 4 450 000 ( 3 780 000 to  5 220 000), 32 900 ( 17 400 to  56 300), 46 500 ( 24 600 to  79 700),B,,,
PAK,15-19,random,0.198737241662391,0.0095333282569441,0.01909263541414,4327239.51414163,207575.562535033,415716.781123069,0.167910568799894,0.0095333282569441,0.01909263541414,3656029.65038233,102119.576794825,240058.168166425,0.231441425007513,0.0095333282569441,0.01909263541414,5039329.67532619,365925.715402357,669645.144031364,39684.9845883673,28082.7630322852,21507.6313589017,15163.1727608694,66872.834391771,47528.4151248058, 4 330 000 ( 3 660 000 to  5 040 000), 28 100 ( 15 200 to  47 500), 39 700 ( 21 500 to  66 900),B,,,
PHL,10-14,assortative,0.108503448925407,0.00966151596761196,0.0192170275308884,1173129.41596765,104459.431443867,207772.752914461,0.0894247631950938,0.00966151596761196,0.0192170275308884,966852.402011904,56819.2383990722,136708.251270102,0.130018785710581,0.00966151596761196,0.0192170275308884,1405751.2793933,170843.1320296,319745.466706848,12962.3422373159,11201.9362507163,7193.83446656687,6229.68977618389,22368.6464114009,19298.6560860615, 1 170 000 (   967 000 to  1 410 000), 11 200 (  6 230 to  19 300), 13 000 (  7 190 to  22 400),B,8372,74.7370794889556,64.5870927238656
PHL,10-14,random,0.108503448925407,0.00966064335734376,0.0192151567597417,1173129.41596765,104449.996861055,207752.526307062,0.0894247631950938,0.00966064335734376,0.0192151567597417,966852.402011904,56934.2679946512,136687.091845134,0.130018785710581,0.00966064335734376,0.0192151567597417,1405751.2793933,171367.542452698,319228.359617238,12962.2586950959,11202.1830369417,7181.04361397134,6201.83716033747,22371.4117996406,19315.898382355, 1 170 000 (   967 000 to  1 410 000), 11 200 (  6 200 to  19 300), 13 000 (  7 180 to  22 400),B,8372,74.7354330168634,64.5875089899837
PHL,15-19,assortative,0.153679937242726,0.012046969378347,0.0234334947064364,1600932.45092537,125669.015731464,244422.622597516,0.13157276779691,0.012046969378347,0.0234334947064364,1370601.8064318,68954.5759041553,159959.714604384,0.182508242500451,0.012046969378347,0.0234334947064364,1900957.53994249,206142.738741208,374647.721608751,19261.0680701634,15826.5104500099,10506.3265998446,8489.59412187627,32035.9710168562,26397.6413017291, 1 600 000 ( 1 370 000 to  1 900 000), 15 800 (  8 490 to  26 400), 19 300 ( 10 500 to  32 000),B,21460,135.595272677348,111.416458951427
PHL,15-19,random,0.145941709119053,0.00934828212344855,0.018593389433486,1519685.03344663,97343.2784719027,193612.201841923,0.125090633534359,0.00934828212344855,0.018593389433486,1302563.63827731,52959.885390833,126334.982358339,0.172806514321686,0.00934828212344855,0.018593389433486,1799427.14856463,158746.801935266,297363.678394032,15390.1360688947,12676.8827131045,8566.869355304,6986.11618017668,25427.9926743244,20815.6994917991, 1 520 000 ( 1 300 000 to  1 800 000), 12 700 (  6 990 to  20 800), 15 400 (  8 570 to  25 400),B,21460,169.284519591051,139.439962739337
PNG,10-14,assortative,0.0604605174362976,0.00500138868677033,0.00986512765627279,59437.1022576534,4916.73018046937,9698.14064043506,0.0503769649354075,0.00500138868677033,0.00986512765627279,49524.2340499458,2776.58060213966,6431.48955281913,0.0727496855490275,0.00500138868677033,0.00986512765627279,71518.2516217391,7876.671062134,14794.1754374188,431.268009554038,522.503789301889,241.353057245712,292.896566348585,771.011804483652,934.329302661899,    59 400 (    49 500 to     71 500),    523 (   293 to     934),    431 (   241 to     771),B,,,
PNG,10-14,random,0.0604605174362976,0.00500140729362118,0.00986507425305504,59437.1022576534,4916.74847236205,9698.08814117357,0.0503769649354075,0.00500140729362118,0.00986507425305504,49524.2340499458,2775.0888462839,6430.75061667316,0.0727496855490275,0.00500140729362118,0.00986507425305504,71518.2516217391,7885.64121100738,14808.9676112611,431.263618002773,522.534585574219,241.937968301886,292.834403519741,771.326032263393,936.182873138244,    59 400 (    49 500 to     71 500),    523 (   293 to     936),    431 (   242 to     771),B,,,
PNG,15-19,assortative,0.0908662071132435,0.00665782769962468,0.0127899773325394,82636.9734708321,6055.59840981829,11633.0206374184,0.0775039402705367,0.00665782769962468,0.0127899773325394,70484.5639195569,3412.76273881973,7716.79486787581,0.10861443528037,0.00665782769962468,0.0127899773325394,98778.7832424583,9681.24103748067,17737.0833065188,628.575501864462,765.432603030776,338.455575865642,403.211489944693,1102.90576119929,1331.84518955948,    82 600 (    70 500 to     98 800),    765 (   403 to   1 330),    629 (   338 to   1 100),B,,,
PNG,15-19,random,0.085792765580218,0.00489611831923136,0.00965696270056981,78020.4557752437,4452.55937621891,8782.09982167439,0.0732607712456773,0.00489611831923136,0.00965696270056981,66623.7849354464,2514.06888423937,5839.90403847257,0.101997853752445,0.00489611831923136,0.00965696270056981,92757.4601895958,7143.83833386405,13413.4547081707,482.044008768206,587.142082398838,270.300087063318,320.435793745302,829.321419349568,998.983010517057,    78 000 (    66 600 to     92 800),    587 (   320 to     999),    482 (   270 to     829),B,,,
PRK,10-14,assortative,0.068766356756347,0.00552153560875039,0.0108696695551241,117993.9910348,9474.22626191531,18650.9181602117,0.055268096785471,0.00552153560875039,0.0108696695551241,94832.7586950925,5140.13709714095,11778.8000828816,0.0839712356162812,0.00552153560875039,0.0108696695551241,144083.556114437,15681.2218783934,29043.6618107514,981.841462737253,1016.34509639324,486.098062430082,503.259346756213,1727.34645080572,1787.56287328891,   118 000 (    94 800 to    144 000),  1 020 (   503 to   1 790),    982 (   486 to   1 730),B,,,
PRK,10-14,random,0.068766356756347,0.00552179361226179,0.0108701874700034,117993.9910348,9474.66896188441,18651.8068337798,0.055268096785471,0.00552179361226179,0.0108701874700034,94832.7586950925,5143.82066430823,11741.634308501,0.0839712356162812,0.00552179361226179,0.0108701874700034,144083.556114437,15703.6279604445,29127.4843301936,981.832602887892,1016.3202401652,486.017044735615,502.995388738469,1727.64808821903,1787.74972450031,   118 000 (    94 800 to    144 000),  1 020 (   503 to   1 790),    982 (   486 to   1 730),B,,,
PRK,15-19,assortative,0.0995824219270221,0.00654387715782563,0.0126598951442166,189556.961034778,12464.1188567096,24111.1947421263,0.0833354406900989,0.00654387715782563,0.0126598951442166,158630.89504148,6782.97391569632,15269.5590370758,0.115936381979083,0.00654387715782563,0.0126598951442166,220674.710169489,20711.6392529149,37748.159637444,1561.97214934606,1610.94944860813,856.802110379519,884.270582715366,2761.86961987888,2847.41617564484,   190 000 (   159 000 to    221 000),  1 610 (   884 to   2 850),  1 560 (   857 to   2 760),B,,,
PRK,15-19,random,0.0962441257598756,0.00539455035754908,0.0106195791845453,183175.188690597,10267.0970497499,20211.5547892981,0.0807284290967553,0.00539455035754908,0.0106195791845453,153645.171751963,5584.25264225278,12773.7667422101,0.112685751333454,0.00539455035754908,0.0106195791845453,214467.465939127,17060.0597637538,31850.559342636,1325.37664229386,1366.92478293049,737.159232573155,761.056601460585,2336.73601807104,2409.02477399366,   183 000 (   154 000 to    214 000),  1 370 (   761 to   2 410),  1 330 (   737 to   2 340),B,,,
SLE,10-14,assortative,0.135897587507484,0.00972601707388887,0.0193612766569974,132507.893982285,9483.42103001487,18878.3483333419,0.110448592178143,0.00972601707388887,0.0193612766569974,107693.672943444,5458.00131227445,12279.9391774556,0.169587994034526,0.00972601707388887,0.0193612766569974,165357.960699323,16682.443797748,30193.3800975493,1148.53170349372,1012.78834695254,585.942741878173,516.849252899527,1939.23739649247,1711.32198383482,   133 000 (   108 000 to    165 000),  1 010 (   517 to   1 710),  1 150 (   586 to   1 940),B,,,
SLE,10-14,random,0.135897587507484,0.00972684719043015,0.0193623752901436,132507.893982285,9484.23044095925,18879.4195632815,0.110448592178143,0.00972684719043015,0.0193623752901436,107693.672943444,5429.75895304465,12290.0106239897,0.169587994034526,0.00972684719043015,0.0193623752901436,165357.960699323,16692.4013931011,30083.3112390413,1148.55314593346,1012.81782695682,584.821003911849,516.715095730813,1934.48915063719,1706.69137564944,   133 000 (   108 000 to    165 000),  1 010 (   517 to   1 710),  1 150 (   585 to   1 930),B,,,
SLE,15-19,assortative,0.200470678469104,0.0108426789890989,0.0212604698328689,171086.873439219,9254.13329815246,18145.3248923132,0.1681295415194,0.0108426789890989,0.0212604698328689,143486.376260862,5292.88724607764,11904.4088438104,0.237417239486382,0.0108426789890989,0.0212604698328689,202620.089731474,16456.3444107668,28647.5445232199,1439.21271466519,1211.44705876424,769.593700978799,640.993704636438,2336.72398228676,1959.66988049052,   171 000 (   143 000 to    203 000),  1 210 (   641 to   1 960),  1 440 (   770 to   2 340),B,,,
SLE,15-19,random,0.195794317119388,0.00921472615394543,0.0183440917803524,167094.00293876,7863.99473539549,15655.1414308212,0.164142925063528,0.00921472615394543,0.0183440917803524,140082.198536016,4505.0268143273,10331.4862329963,0.231261352552304,0.00921472615394543,0.0183440917803524,197362.138449777,13881.5160989344,24490.8409359075,1256.91931168921,1060.14964734209,678.4682817282,567.264592450504,2017.77080308868,1703.0983188693,   167 000 (   140 000 to    197 000),  1 060 (   567 to   1 700),  1 260 (   678 to   2 020),B,,,
THA,10-14,assortative,0.045684545893961,0.00415863788101486,0.00812783616918609,190274.123528328,17320.5437943601,33852.0800198686,0.0377633292863395,0.00415863788101486,0.00812783616918609,157282.604891116,8692.4968622197,18966.9220553655,0.0546712980913719,0.00415863788101486,0.00812783616918609,227703.551013448,29906.1056647273,53563.5147212878,1838.16135171109,1787.97845993873,945.861959309718,920.251873445692,3377.83566442248,3286.08769856973,   190 000 (   157 000 to    228 000),  1 790 (   920 to   3 290),  1 840 (   946 to   3 380),B,343,19.1836762961761,18.6599505903392
THA,10-14,random,0.045684545893961,0.00415891759044366,0.00812840138386714,190274.123528328,17321.7087718239,33854.4341141457,0.0377633292863395,0.00415891759044366,0.00812840138386714,157282.604891116,8692.01475610512,18961.9830360431,0.0546712980913719,0.00415891759044366,0.00812840138386714,227703.551013448,29898.2133947332,53488.3271776477,1838.18925205757,1787.99138887379,946.64567382575,920.534394921367,3380.32125781999,3287.35910501314,   190 000 (   157 000 to    228 000),  1 790 (   921 to   3 290),  1 840 (   947 to   3 380),B,343,19.1835375793419,18.6596673664621
THA,15-19,assortative,0.0670673960120327,0.00489193445525666,0.00940906203530526,299502.756660455,21865.6686053334,42055.0674905169,0.0550932308649441,0.00489193445525666,0.00940906203530526,246021.118643195,10977.5059439201,23514.5672833161,0.0784682679929,0.00489193445525666,0.00940906203530526,350475.010909357,37900.916893706,66176.6107776926,2938.94594392541,2759.14421876515,1504.54755044054,1409.67809147123,5481.27050113301,5159.53416376805,   300 000 (   246 000 to    350 000),  2 760 (  1 410 to   5 160),  2 940 (  1 500 to   5 480),B,1764,63.9328668651281,60.021519063529
THA,15-19,random,0.0648120953626256,0.00409406193532487,0.00800151034607896,289354.571927873,18278.0009211869,35722.8629627247,0.0532735071088191,0.00409406193532487,0.00800151034607896,237840.37158993,9144.29810056586,20002.6649896757,0.0758207077915256,0.00409406193532487,0.00800151034607896,338502.687245883,31630.1553207679,56442.8767437262,2515.90606884243,2364.70423371607,1321.78225642705,1229.97585543263,4667.70577537809,4378.05316065974,   289 000 (   238 000 to    339 000),  2 360 (  1 230 to   4 380),  2 520 (  1 320 to   4 670),B,1764,74.5970669333105,70.1139053578268
TOTAL,10-14,assortative,0.0906012530788021,0.00716631296100356,0.0140432934916945,36830136.089184,2913163.69964421,5708711.44563091,0.0825263310685135,0.00563039871785421,0.0115089955212256,33547615.5230523,2288802.24023585,4678498.99303129,0.0991541961427919,0.00945633951210393,0.0170243984439827,40306976.0478522,3844077.86096948,6920554.52017889,411307.98417041,310731.516338022,308734.72870456,240327.302023529,550199.473651602,399548.101429799,36 800 000 (33 500 000 to 40 300 000),311 000 (240 000 to 400 000),411 000 (309 000 to 550 000),,,,
TOTAL,10-14,random,0.0906012530788021,0.00716559447026558,0.0140419072287089,36830136.089184,2912871.6273962,5708147.91860805,0.0825263310685135,0.00562423350924912,0.0114980303658422,33547615.5230523,2286296.03348674,4674041.56941641,0.0991541961427919,0.00944515388404506,0.0170040592141716,40306976.0478522,3839530.81344362,6912286.4601197,411315.869138414,310726.758902094,308378.272861612,240196.337044074,550656.05257181,400017.319161293,36 800 000 (33 500 000 to 40 300 000),311 000 (240 000 to 400 000),411 000 (308 000 to 551 000),,,,
TOTAL,15-19,assortative,0.136253507187216,0.00873008037342706,0.0167123122440956,53460985.8093837,3425370.19848802,6557311.48627206,0.125854422750136,0.00671926979988582,0.0134956176866592,49380758.3202122,2636400.30144354,5295195.99553508,0.148925891272437,0.0115974409811928,0.0205967990364034,58433174.4872149,4550419.58566836,8081444.68157367,614715.242982222,444231.460785735,457798.979337414,338595.93898323,822942.539256754,575126.287100406,53 500 000 (49 400 000 to 58 400 000),444 000 (339 000 to 575 000),615 000 (458 000 to 823 000),,,,
TOTAL,15-19,random,0.130736737241249,0.00676836094983613,0.0132530991935164,51296403.2904931,2655661.90670449,5200040.44329957,0.120397055985147,0.00526544211174608,0.010815590315954,47239483.4774384,2065970.49740089,4243649.44681274,0.142803941993986,0.00895945965203228,0.0162055869329569,56031141.3193539,3515370.39453164,6358490.66156607,492750.460324779,357987.300435591,374351.278369279,279684.360995853,648254.479263367,456386.531399392,51 300 000 (47 200 000 to 56 000 000),358 000 (280 000 to 456 000),493 000 (374 000 to 648 000),,,,
TZA,10-14,assortative,0.120808048392185,0.00943757701397761,0.0186844991395471,898983.065042432,70228.9460306222,139039.149533511,0.0991609104570238,0.00943757701397761,0.0186844991395471,737897.684810375,38156.3206909324,85259.1716934045,0.155663026301996,0.00943757701397761,0.0186844991395471,1158353.49019512,123708.643484588,223285.286230952,8560.70605248416,7638.23837496314,4652.51531993526,4130.42368497351,13961.9891233049,12322.3135398228,   899 000 (   738 000 to  1 160 000),  7 640 (  4 130 to  12 300),  8 560 (  4 650 to  14 000),B,,,
TZA,10-14,random,0.120808048392185,0.00943953757613128,0.0186878639182914,898983.065042432,70243.5353911621,139064.18825526,0.0991609104570238,0.00943953757613128,0.0186878639182914,737897.684810375,38260.5522707054,85554.1905759123,0.155663026301996,0.00943953757613128,0.0186878639182914,1158353.49019512,123741.885301913,223598.963063193,8562.2326754328,7639.12497930395,4660.60960774016,4134.89650785295,13978.5316603515,12332.8853196961,   899 000 (   738 000 to  1 160 000),  7 640 (  4 130 to  12 300),  8 560 (  4 660 to  14 000),B,,,
TZA,15-19,assortative,0.174766902199689,0.0100398776512921,0.0196768412467475,1082683.89671417,62210.4950775051,121923.301613411,0.146482171343827,0.0100398776512921,0.0196768412467475,907447.447085195,33906.200648185,74066.9162184411,0.209179859642521,0.0100398776512921,0.0196768412467475,1295852.22962491,108971.083960341,196333.342193152,9863.57977997815,8373.04343729762,5141.38375523461,4345.42035056066,17604.5383184671,14912.2761569931, 1 080 000 (   907 000 to  1 300 000),  8 370 (  4 350 to  14 900),  9 860 (  5 140 to  17 600),B,,,
TZA,15-19,random,0.17182919753893,0.00902090852356621,0.0178592755581937,1064434.96938274,55882.0655954657,110633.336500783,0.143524007490482,0.00902090852356621,0.0178592755581937,889092.04434949,30448.9250727528,67134.2202495013,0.204941320930786,0.00902090852356621,0.0178592755581937,1269555.53418561,98546.6629702399,178218.514106901,8981.57342371341,7644.41143569035,4706.66335885703,3986.6535397045,15787.6890050286,13495.3901734851, 1 060 000 (   889 000 to  1 270 000),  7 640 (  3 990 to  13 500),  8 980 (  4 710 to  15 800),B,,,
UGA,10-14,assortative,0.0700335615245681,0.00571212213497314,0.0112750487017614,420432.690001124,34291.5999492507,67687.5336964302,0.0576005709097841,0.00571212213497314,0.0112750487017614,345793.680144419,18250.242301762,40683.1684394149,0.0847348650415547,0.00571212213497314,0.0112750487017614,508689.069508561,57871.144929557,105010.302098384,4177.53456222108,3662.12208284299,2329.81647825946,2065.91115507393,8450.65802474904,7316.35730331038,   420 000 (   346 000 to    509 000),  3 660 (  2 070 to   7 320),  4 180 (  2 330 to   8 450),B,,,
UGA,10-14,random,0.0700335615245681,0.00571159954314548,0.0112737949684642,420432.690001124,34288.4626721639,67680.0071555663,0.0576005709097841,0.00571159954314548,0.0112737949684642,345793.680144419,18210.1496172685,40658.5106224786,0.0847348650415547,0.00571159954314548,0.0112737949684642,508689.069508561,57964.3019660722,105101.328911861,4177.30970540353,3661.83505343949,2336.82488292246,2070.30920732851,8461.08616218324,7326.41056550302,   420 000 (   346 000 to    509 000),  3 660 (  2 070 to   7 330),  4 180 (  2 340 to   8 460),B,,,
UGA,15-19,assortative,0.102415247348429,0.00623399785586104,0.0121746076772209,518693.806912079,31572.9390593004,61659.9522608335,0.0872372670861983,0.00623399785586104,0.0121746076772209,441823.058365449,16788.6485719747,37153.7754485885,0.120892129818955,0.00623399785586104,0.0121746076772209,612272.312440104,52950.8596656961,95026.1688457705,4909.66853913606,4156.07332755842,2552.70711613631,2158.58679277614,8099.60326923869,6728.63696754129,   519 000 (   442 000 to    612 000),  4 160 (  2 160 to   6 730),  4 910 (  2 550 to   8 100),B,,,
UGA,15-19,random,0.10047994311392,0.00556677581736641,0.0109873149957013,508891.724694189,28193.5484723921,55646.4654003786,0.0856928816548149,0.00556677581736641,0.0109873149957013,434001.025357792,15045.776223998,33501.3663849396,0.118434536103,0.00556677581736641,0.0109873149957013,599824.735892613,47513.0117109364,85608.9739054148,4446.98950710728,3775.43394652632,2347.9173611461,1994.40596720242,7404.68597475274,6170.41028406313,   509 000 (   434 000 to    600 000),  3 780 (  1 990 to   6 170),  4 450 (  2 350 to   7 400),B,,,
VNM,10-14,assortative,0.0576182287152505,0.00462595443153122,0.00913448070558347,401948.451084226,32270.9541754454,63722.7220089154,0.0473126712407078,0.00462595443153122,0.00913448070558347,330056.222586137,17329.690010227,41125.2358869654,0.0692892484053306,0.00462595443153122,0.00913448070558347,483366.231387484,54751.8339813685,96915.1878130649,4396.76687111464,3435.84072025852,2315.77304096324,1814.03168025462,7340.37844702493,5741.38247765885,   402 000 (   330 000 to    483 000),  3 440 (  1 810 to   5 740),  4 400 (  2 320 to   7 340),B,,,
VNM,10-14,random,0.0576182287152505,0.00462674697567862,0.0091359422831026,401948.451084226,32276.4830141405,63732.9180672299,0.0473126712407078,0.00462674697567862,0.0091359422831026,330056.222586137,17396.1568620914,41226.7005193917,0.0692892484053306,0.00462674697567862,0.0091359422831026,483366.231387484,54866.620069187,96791.1533233414,4396.55108673194,3436.17838333341,2322.56533022423,1811.17357266115,7344.8062188765,5742.00976581383,   402 000 (   330 000 to    483 000),  3 440 (  1 810 to   5 740),  4 400 (  2 320 to   7 340),B,,,
VNM,15-19,assortative,0.0881657426250079,0.00531568451909652,0.0103411665595326,571053.913963432,34475.3131604725,67068.4835828095,0.0740006363322219,0.00531568451909652,0.0103411665595326,479089.942980095,18637.0716942776,43246.708756812,0.104091884848298,0.00531568451909652,0.0103411665595326,674363.408485463,58649.565426643,102723.604766748,5921.47172004395,4478.64196622948,3309.31344276554,2503.75630967576,10212.3651546361,7716.06721200203,   571 000 (   479 000 to    674 000),  4 480 (  2 500 to   7 720),  5 920 (  3 310 to  10 200),B,,,
VNM,15-19,random,0.0858656097242903,0.0045176521081038,0.00892057255420374,555979.050174292,29251.7567411032,57760.6270033162,0.0722139033474211,0.0045176521081038,0.00892057255420374,467584.374249422,15786.2202158435,37189.6391245356,0.101456633681526,0.0045176521081038,0.00892057255420374,656930.78997818,49689.5505143854,88065.3829092574,5146.23588070968,3898.67197903464,2863.67673342211,2178.48641403737,8661.2964811944,6590.39361128876,   556 000 (   468 000 to    657 000),  3 900 (  2 180 to   6 590),  5 150 (  2 860 to   8 660),B,,,
ZAF,10-14,assortative,0.189310656681381,0.0142818129411648,0.0284617761801511,1018825.08763356,76861.3324596818,153174.533960618,0.153603328102546,0.0142818129411648,0.0284617761801511,826656.707859142,40525.2594460594,90229.9090120123,0.224345335580686,0.0142818129411648,0.0284617761801511,1207373.42625072,126433.812131027,229927.910337816,8507.87143929425,8401.78402923464,4750.34544733896,4729.95298086967,14171.2551227958,13767.8357130423, 1 020 000 (   827 000 to  1 210 000),  8 400 (  4 730 to  13 800),  8 510 (  4 750 to  14 200),B,,,
ZAF,10-14,random,0.189310656681381,0.0142752626098219,0.0284484819255438,1018825.08763356,76826.0801288231,153102.987433061,0.153603328102546,0.0142752626098219,0.0284484819255438,826656.707859142,40129.5336394141,89940.4332646367,0.224345335580686,0.0142752626098219,0.0284484819255438,1207373.42625072,127240.162682499,231333.787126008,8503.8093703923,8397.88469644464,4752.41482211468,4714.42224996371,14052.6228899963,13738.2050615773, 1 020 000 (   827 000 to  1 210 000),  8 400 (  4 710 to  13 700),  8 500 (  4 750 to  14 100),B,,,
ZAF,15-19,assortative,0.270687781498676,0.0160976119695474,0.0315225373020384,1315262.78510964,78227.3141104958,153184.627076665,0.229945008098557,0.0160976119695474,0.0315225373020384,1117280.99423065,40385.028157546,91226.99021168,0.311655296763786,0.0160976119695474,0.0315225373020384,1514314.02614631,129037.533669248,232565.820592598,10786.5076701818,10236.5937246335,6093.03921953096,5953.34336152781,18466.494479381,16816.2184390594, 1 320 000 ( 1 120 000 to  1 510 000), 10 200 (  5 950 to  16 800), 10 800 (  6 090 to  18 500),B,,,
ZAF,15-19,random,0.262916977437374,0.0133129413646134,0.0265265670587936,1277472.05248576,64685.4786459209,128888.398141083,0.222502721830937,0.0133129413646134,0.0265265670587936,1081105.56994648,33010.3866276482,77091.0033502974,0.302693206768113,0.0133129413646134,0.0265265670587936,1470738.46615959,106753.694168214,194976.310505594,9184.72496453337,8725.62902087128,5120.52286623425,5189.272917764,15561.3813410306,14340.8375677945, 1 280 000 ( 1 080 000 to  1 470 000),  8 730 (  5 190 to  14 300),  9 180 (  5 120 to  15 600),B,,,
ZMB,10-14,assortative,0.129178701311454,0.00989650570320287,0.0194241645687966,306450.633121162,23477.4804797082,46079.9456065562,0.106455761188141,0.00989650570320287,0.0194241645687966,252545.002266628,13108.3565133489,29988.0538023382,0.154333259067765,0.00989650570320287,0.0194241645687966,366124.79048646,44314.5336947457,76065.3920915785,2883.58958931555,2508.32765564927,1598.59620727669,1391.2507413484,5034.28535357809,4311.23527418648,   306 000 (   253 000 to    366 000),  2 510 (  1 390 to   4 310),  2 880 (  1 600 to   5 030),B,,,
ZMB,10-14,random,0.129178701311454,0.00989597145789547,0.0194236076482396,306450.633121162,23476.2130895654,46078.6244239187,0.106455761188141,0.00989597145789547,0.0194236076482396,252545.002266628,13146.7871170633,30059.2251425585,0.154333259067765,0.00989597145789547,0.0194236076482396,366124.79048646,44544.5166083254,76012.34108691,2883.36765244308,2508.4128806256,1609.56369917784,1396.66509634934,5011.28497320582,4290.86133835842,   306 000 (   253 000 to    366 000),  2 510 (  1 400 to   4 290),  2 880 (  1 610 to   5 010),B,,,
ZMB,15-19,assortative,0.191249322325351,0.0112746431851662,0.0217658592289951,392809.644984355,23157.3702818341,44705.5773318431,0.162234708032927,0.0112746431851662,0.0217658592289951,333216.668416289,12942.6780616164,29082.8576326383,0.221301687162041,0.0112746431851662,0.0217658592289951,454534.662766567,43150.0765447611,74456.4644261251,3664.72873708913,3002.65226789597,2055.00163385766,1688.17624088167,6463.76323034729,5335.64294949144,   393 000 (   333 000 to    455 000),  3 000 (  1 690 to   5 340),  3 660 (  2 060 to   6 460),B,,,
ZMB,15-19,random,0.185959693031032,0.00939878480876872,0.0184454475054724,381944.473113367,19304.2581065782,37885.2890859649,0.157987724411666,0.00939878480876872,0.0184454475054724,324492.567046365,10726.3264394557,24608.6683777572,0.215215375639453,0.00939878480876872,0.0184454475054724,442033.012179628,36307.1703164994,62997.9877754156,3141.6753679908,2578.51156783258,1791.99757181253,1476.1287837788,5485.09848945839,4494.06728048466,   382 000 (   324 000 to    442 000),  2 580 (  1 480 to   4 490),  3 140 (  1 790 to   5 490),B,,,
